"Message",Low,"Запуск компиляции .NET Native"
"Message",Low,""
"Message",Low,""
"Message",Low,"Задача ""Gatekeeper"""
"Message",Normal,"Идет запуск ""C:\Program Files (x86)\Microsoft SDKs\UWPNuGetPackages\runtime.win10-x64.microsoft.net.native.compiler\2.2.7-rel-27913-00\tools\x64\ilc\ilc.exe --gatekeeper @""D:\Projects\Twitch_API\Twitch_API\obj\x64\Release\ilc\intermediate\gkargs.rsp""""."
"Message",Low,"�ਢ�⭨� Microsoft (R) .NET Native ���ᨨ 2.2.27913.00 "
"Message",Low,"Copyright (C) Microsoft Corporation.  All rights reserved. "
"Message",Low," "
"Message",Low,"ILCTelemetry: System.ArgumentException: Could not deserialize to TelemetrySession object"
"Message",Low,"��� ��ࠬ���: serializedSession ---> System.Runtime.Serialization.SerializationException: �訡�� ���ਠ����樨 ��ꥪ� ⨯� Microsoft.VisualStudio.Telemetry.TelemetrySessionSettings. �������� ��થ� """""", �� ������ ""I"". ---> System.Xml.XmlException: �������� ��થ� """""", �� ������ ""I""."
"Message",Low,"   � System.Xml.XmlExceptionHelper.ThrowXmlException(XmlDictionaryReader reader, String res, String arg1, String arg2, String arg3)"
"Message",Low,"   � System.Xml.XmlExceptionHelper.ThrowTokenExpected(XmlDictionaryReader reader, String expected, Char found)"
"Message",Low,"   � System.Runtime.Serialization.Json.XmlJsonReader.ReadServerTypeAttribute(Boolean consumedObjectChar)"
"Message",Low,"   � System.Runtime.Serialization.Json.XmlJsonReader.ReadAttributes()"
"Message",Low,"   � System.Runtime.Serialization.Json.XmlJsonReader.ReadNonExistentElementName(StringHandleConstStringType elementName)"
"Message",Low,"   � System.Runtime.Serialization.Json.XmlJsonReader.Read()"
"Message",Low,"   � System.Xml.XmlBaseReader.IsStartElement()"
"Message",Low,"   � System.Xml.XmlBaseReader.IsStartElement(XmlDictionaryString localName, XmlDictionaryString namespaceUri)"
"Message",Low,"   � System.Runtime.Serialization.XmlReaderDelegator.IsStartElement(XmlDictionaryString localname, XmlDictionaryString ns)"
"Message",Low,"   � System.Runtime.Serialization.XmlObjectSerializer.IsRootElement(XmlReaderDelegator reader, DataContract contract, XmlDictionaryString name, XmlDictionaryString ns)"
"Message",Low,"   � System.Runtime.Serialization.Json.DataContractJsonSerializer.InternalIsStartObject(XmlReaderDelegator reader)"
"Message",Low,"   � System.Runtime.Serialization.Json.DataContractJsonSerializer.InternalReadObject(XmlReaderDelegator xmlReader, Boolean verifyObjectName)"
"Message",Low,"   � System.Runtime.Serialization.XmlObjectSerializer.InternalReadObject(XmlReaderDelegator reader, Boolean verifyObjectName, DataContractResolver dataContractResolver)"
"Message",Low,"   � System.Runtime.Serialization.XmlObjectSerializer.ReadObjectHandleExceptions(XmlReaderDelegator reader, Boolean verifyObjectName, DataContractResolver dataContractResolver)"
"Message",Low,"   --- ����� ����஢�� ����७���� �⥪� �᪫�祭�� ---"
"Message",Low,"   � System.Runtime.Serialization.XmlObjectSerializer.ReadObjectHandleExceptions(XmlReaderDelegator reader, Boolean verifyObjectName, DataContractResolver dataContractResolver)"
"Message",Low,"   � System.Runtime.Serialization.Json.DataContractJsonSerializer.ReadObject(XmlDictionaryReader reader)"
"Message",Low,"   � System.Runtime.Serialization.Json.DataContractJsonSerializer.ReadObject(Stream stream)"
"Message",Low,"   � Microsoft.VisualStudio.Telemetry.TelemetrySessionSettings.Deserialize(String settings)"
"Message",Low,"   � Microsoft.VisualStudio.Telemetry.TelemetrySessionSettings.Parse(String serializedSession)"
"Message",Low,"   --- ����� ����஢�� ����७���� �⥪� �᪫�祭�� ---"
"Message",Low,"   � Microsoft.VisualStudio.Telemetry.TelemetrySessionSettings.Parse(String serializedSession)"
"Message",Low,"   � ILCTelemetry.Program.ReadEvents()"
"Message",Low,"   � ILCTelemetry.Program.Main(String[] args)"
"Message",Low,"���� �஢�ઠ ᡮન ""D:\Projects\Twitch_API\Twitch_API\obj\x64\Release\ilc\in\CommonServiceLocator.dll"". "
"Message",Low,"���� �஢�ઠ ᡮન ""D:\Projects\Twitch_API\Twitch_API\obj\x64\Release\ilc\in\GalaSoft.MvvmLight.dll"". "
"Message",Low,"���� �஢�ઠ ᡮન ""D:\Projects\Twitch_API\Twitch_API\obj\x64\Release\ilc\in\GalaSoft.MvvmLight.Extras.dll"". "
"Message",Low,"���� �஢�ઠ ᡮન ""D:\Projects\Twitch_API\Twitch_API\obj\x64\Release\ilc\in\GalaSoft.MvvmLight.Platform.dll"". "
"Message",Low,"���� �஢�ઠ ᡮન ""D:\Projects\Twitch_API\Twitch_API\obj\x64\Release\ilc\in\Microsoft.Xaml.Interactions.dll"". "
"Message",Low,"���� �஢�ઠ ᡮન ""D:\Projects\Twitch_API\Twitch_API\obj\x64\Release\ilc\in\Microsoft.Xaml.Interactivity.dll"". "
"Message",Low,"���� �஢�ઠ ᡮન ""D:\Projects\Twitch_API\Twitch_API\obj\x64\Release\ilc\in\Newtonsoft.Json.dll"". "
"Message",Low,"���� �஢�ઠ ᡮન ""D:\Projects\Twitch_API\Twitch_API\obj\x64\Release\ilc\in\Twitch_API.exe"". "
"Message",Normal,"Задача ""C:\Program Files (x86)\Microsoft SDKs\UWPNuGetPackages\runtime.win10-x64.microsoft.net.native.compiler\2.2.7-rel-27913-00\tools\x64\ilc\ilc.exe --gatekeeper @""D:\Projects\Twitch_API\Twitch_API\obj\x64\Release\ilc\intermediate\gkargs.rsp"""" завершена."
"Message",Normal,"Статистика выполнения процессов (все значения в миллисекундах)"
"Message",Normal,"-----------------------------------------------------------------------------"
"Message",Normal,"запустить  |  начать   |   остановить   |   завершить    | длительность | время существования | имя [слот]"
"Message",Normal,"-----------------------------------------------------------------------------"
"Message",Normal,"       0 |        0 |      344 |      344 |      344 |      344 | [0] Gatekeeper"
"Message",Normal,"Число команд:      1"
"Message",Normal,"Общее системное время:       344 мс"
"Message",Normal,"Системное время на команду: 344 мс"
"Message",Normal,"Общая длительность:          344 мс"
"Message",Normal,"Общее время жизни:          344 мс"
"Message",Normal,"Запрошенный DOP:           4"
"Message",Normal,"Длительность DOP:            1,0"
"Message",Normal,"Время жизни DOP:            1,0"
"Message",Low,"Выполнение задачи ""Gatekeeper"" завершено."
"Message",Low,"Сборка целевого объекта ""RunGatekeeper"" в файле ""Preparation"" завершена."
"Message",Low,""
"Message",Low,"Сборка целевого объекта ""CreateToolchainGeneratedAssembly"" в файле ""Preparation"" завершена."
"Message",Low,""
"Message",Low,"Задача ""PreMergeAssemblyClosure"""
"Message",Low,"Выполнение задачи ""PreMergeAssemblyClosure"" завершено."
"Message",Low,"Сборка целевого объекта ""ConstructPreMergeAssemblyClosure"" в файле ""Preparation"" завершена."
"Message",Low,""
"Message",Low,"Задача ""McgReferenceResolveFilePath"""
"Message",Low,"Выполнение задачи ""McgReferenceResolveFilePath"" завершено."
"Message",Low,"Сборка целевого объекта ""PreResolveTransforms"" в файле ""Preparation"" завершена."
"Message",Low,""
"Message",Low,"Задача ""ResolveToolchainRequiredAssemblyRoots"""
"Message",Low,"Выполнение задачи ""ResolveToolchainRequiredAssemblyRoots"" завершено."
"Message",Low,"Задача ""ILTransformAssemblyClosure"""
"Message",Low,"Выполнение задачи ""ILTransformAssemblyClosure"" завершено."
"Message",Low,"Задача ""ResolveToolchainRequiredAssemblyRoots"""
"Message",Low,"Выполнение задачи ""ResolveToolchainRequiredAssemblyRoots"" завершено."
"Message",Low,"Задача ""ReducedCopyAssemblyClosure"""
"Message",Low,"Выполнение задачи ""ReducedCopyAssemblyClosure"" завершено."
"Message",Low,"Сборка целевого объекта ""ConstructILTransformAssemblyClosure"" в файле ""Preparation"" завершена."
"Message",Low,"Сборка проекта ""Preparation"" завершена."
"Message",Low,""
"Message",Low,""
"Message",High,"Обработка кода приложения"
"Message",Low,"Задача ""RunILTransforms"""
"Message",Normal,"Выполняется преобразование ""DumpNativeResources"", размер кучи — 150 МБ."
"Message",Normal,"Выполняется преобразование ""Analysis"", размер кучи — 164 МБ."
"Message",Low,"Идет загрузка модулей (106)..."
"Message",Normal,"Импортированы директивы отражений из нескольких файлов (18):"
"Message",Normal,"D:\Projects\Twitch_API\Twitch_API\obj\x64\Release\ilc\in\Properties\Default.rd.xml"
"Message",Normal,"Встроенный манифест System.Private.Interop: Resources.System.Private.Interop.rd.xml"
"Message",Normal,"Встроенный манифест System.Private.WinRTInterop.CoreLib: Resources.System.Private.WinRTInterop.CoreLib.rd.xml"
"Message",Normal,"Встроенный манифест System.Runtime.WindowsRuntime.UI.Xaml: Resources.System.Runtime.WindowsRuntime.UI.Xaml.rd.xml"
"Message",Normal,"Встроенный манифест GalaSoft.MvvmLight.Platform: GalaSoft.MvvmLight.Platform.Properties.GalaSoft.MvvmLight.Platform.rd.xml"
"Message",Normal,"Встроенный манифест Microsoft.Xaml.Interactions: Microsoft.Xaml.Interactions.Properties.Microsoft.Xaml.Interactions.rd.xml"
"Message",Normal,"Встроенный манифест Microsoft.Xaml.Interactivity: Microsoft.Xaml.Interactivity.Properties.Microsoft.Xaml.Interactivity.rd.xml"
"Message",Normal,"Встроенный манифест System.Net.Primitives: Resources.System.Net.Primitives.rd.xml"
"Message",Normal,"Встроенный манифест System.Private.CoreLib: Resources.System.Private.CoreLib.rd.xml"
"Message",Normal,"Встроенный манифест System.Private.Uri: Resources.System.Private.Uri.rd.xml"
"Message",Normal,"Встроенный манифест System.Private.Reflection.Core: System.Private.Reflection.Core.rd.xml"
"Message",Normal,"Встроенный манифест System.Linq.Expressions: System.Linq.Expressions.Resources.System.Linq.Expressions.rd.xml"
"Message",Normal,"Встроенный манифест System.Private.Xml: System.Xml.Resources.System.Private.Xml.rd.xml"
"Message",Normal,"Встроенный манифест System.Runtime.Serialization.Formatters: System.Runtime.Serialization.Formatters.Resources.System.Runtime.Serialization.Formatters.rd.xml"
"Message",Normal,"Встроенный манифест System.ComponentModel.TypeConverter: System.ComponentModel.TypeConverter.Resources.System.ComponentModel.TypeConverter.rd.xml"
"Message",Normal,"Встроенный манифест System.Runtime.Serialization.Primitives: System.Runtime.Serialization.Primitives.Resources.System.Runtime.Serialization.Primitives.rd.xml"
"Message",Normal,"Встроенный манифест System.Data.Common: Resources.System.Data.Common.rd.xml"
"Message",Normal,"Newtonsoft.Json"
"Message",Normal,"Импортированы корни XAML из нескольких файлов (1):"
"Message",Normal,"D:\Projects\Twitch_API\Twitch_API\obj\x64\Release\ilc\in\Twitch_API.xr.xml"
"Message",Normal,"Выполняется преобразование ""Mcg"", размер кучи — 314 МБ."
"Message",High,"Идет вычисление закрытия приложения и создание кода взаимодействия"
"Message",High,"  Идет загрузка модулей (106)..."
"Message",Normal,"          P/Invoke ""RhpGetFuncEvalParameterBufferSize"" с [DllImport(ExactSpelling=true)] разрешен как ""[MRT]!RhpGetFuncEvalParameterBufferSize""."
"Message",Normal,"          P/Invoke ""RhpGetFuncEvalMode"" с [DllImport(ExactSpelling=true)] разрешен как ""[MRT]!RhpGetFuncEvalMode""."
"Message",Normal,"          P/Invoke ""RhpRecordDebuggeeInitiatedHandle"" с [DllImport(ExactSpelling=true)] разрешен как ""[MRT]!RhpRecordDebuggeeInitiatedHandle""."
"Message",Normal,"          P/Invoke ""RhpVerifyDebuggerCleanup"" с [DllImport(ExactSpelling=true)] разрешен как ""[MRT]!RhpVerifyDebuggerCleanup""."
"Message",Normal,"          P/Invoke ""RhpGetCurrentThread"" с [DllImport(ExactSpelling=true)] разрешен как ""[MRT]!RhpGetCurrentThread""."
"Message",Normal,"          P/Invoke ""RhWaitForPendingFinalizers"" с [DllImport(ExactSpelling=true)] разрешен как ""[MRT]!RhWaitForPendingFinalizers""."
"Message",Normal,"          P/Invoke ""RhYield"" с [DllImport(ExactSpelling=true)] разрешен как ""[MRT]!RhYield""."
"Message",Normal,"          P/Invoke ""RhFlushProcessWriteBuffers"" с [DllImport(ExactSpelling=true)] разрешен как ""[MRT]!RhFlushProcessWriteBuffers""."
"Message",Normal,"          P/Invoke ""RhCompatibleReentrantWaitAny"" с [DllImport(ExactSpelling=true)] разрешен как ""[MRT]!RhCompatibleReentrantWaitAny""."
"Message",Normal,"          P/Invoke ""RhCallDescrWorker"" с [DllImport(ExactSpelling=true)] разрешен как ""[MRT]!RhCallDescrWorker""."
"Message",Normal,"          P/Invoke ""_ecvt_s"" с [DllImport(ExactSpelling=true)] разрешен как ""[MRT]!_ecvt_s""."
"Message",Normal,"          P/Invoke ""memmove"" с [DllImport(ExactSpelling=true)] разрешен как ""[MRT]!memmove""."
"Message",Normal,"          P/Invoke ""memset"" с [DllImport(ExactSpelling=true)] разрешен как ""[MRT]!memset""."
"Message",Normal,"          P/Invoke ""CallingConventionConverter_GetStubs"" с [DllImport(ExactSpelling=true)] разрешен как ""*!CallingConventionConverter_GetStubs""."
"Message",Normal,"          Метод P/Invoke ""WindowsCreateStringReference"" разрешен как ""WindowsCreateStringReference!api-ms-win-core-winrt-string-l1-1-0.dll"" из ""SupportedAPIs.xml""."
"Message",Normal,"          Метод P/Invoke ""GetLastError"" разрешен как ""GetLastError!api-ms-win-core-errorhandling-l1-1-0.dll"" из ""SupportedAPIs.xml""."
"Message",Normal,"          Метод P/Invoke ""SetLastError"" разрешен как ""SetLastError!api-ms-win-core-errorhandling-l1-1-0.dll"" из ""SupportedAPIs.xml""."
"Message",Normal,"          Метод P/Invoke ""RoInitialize"" разрешен как ""RoInitialize!api-ms-win-core-winrt-l1-1-0.dll"" из ""SupportedAPIs.xml""."
"Message",Normal,"          Метод P/Invoke ""IsValidLocaleName"" разрешен как ""IsValidLocaleName!api-ms-win-core-localization-l1-2-0.dll"" из ""SupportedAPIs.xml""."
"Message",Normal,"          Метод P/Invoke ""ResolveLocaleName"" разрешен как ""ResolveLocaleName!api-ms-win-core-localization-l1-2-0.dll"" из ""SupportedAPIs.xml""."
"Message",Normal,"          Метод P/Invoke ""CertDuplicateCertificateContext"" разрешен как ""CertDuplicateCertificateContext!crypt32.dll"" из ""SupportedAPIs.xml""."
"Message",Normal,"          Метод P/Invoke ""CertGetCertificateContextProperty"" разрешен как ""CertGetCertificateContextProperty!crypt32.dll"" из ""SupportedAPIs.xml""."
"Message",Normal,"          Метод P/Invoke ""GetCurrentProcess"" разрешен как ""GetCurrentProcess!kernel32.dll"" из ""SupportedAPIs.xml""."
"Message",Normal,"          Метод P/Invoke ""DuplicateHandle"" разрешен как ""DuplicateHandle!kernel32.dll"" из ""SupportedAPIs.xml""."
"Message",Normal,"          Метод P/Invoke ""GetStdHandle"" разрешен как ""GetStdHandle!kernel32.dll"" из ""SupportedAPIs.xml""."
"Message",Normal,"          Метод P/Invoke ""CreateProcessWithLogonW"" разрешен как ""CreateProcessWithLogonW!advapi32.dll"" из ""SupportedAPIs.xml""."
"Message",Normal,"          Метод P/Invoke ""CreateProcessW"" разрешен как ""CreateProcessW!kernel32.dll"" из ""SupportedAPIs.xml""."
"Message",Normal,"          Метод P/Invoke ""GetConsoleCP"" разрешен как ""GetConsoleCP!kernel32.dll"" из ""SupportedAPIs.xml""."
"Message",Normal,"          Метод P/Invoke ""GetConsoleOutputCP"" разрешен как ""GetConsoleOutputCP!kernel32.dll"" из ""SupportedAPIs.xml""."
"Message",Normal,"          Метод P/Invoke ""GetCPInfoExW"" разрешен как ""GetCPInfoExW!kernel32.dll"" из ""SupportedAPIs.xml""."
"Message",Normal,"          Метод P/Invoke ""CloseHandle"" разрешен как ""CloseHandle!kernel32.dll"" из ""SupportedAPIs.xml""."
"Message",Normal,"          Метод P/Invoke ""CryptQueryObject"" разрешен как ""CryptQueryObject!crypt32.dll"" из ""SupportedAPIs.xml""."
"Message",Normal,"          Метод P/Invoke ""CertDuplicateCertificateContext"" разрешен как ""CertDuplicateCertificateContext!crypt32.dll"" из ""SupportedAPIs.xml""."
"Message",Normal,"          Метод P/Invoke ""DuplicateHandle"" разрешен как ""DuplicateHandle!kernel32.dll"" из ""SupportedAPIs.xml""."
"Message",Normal,"          Метод P/Invoke ""GetExitCodeProcess"" разрешен как ""GetExitCodeProcess!kernel32.dll"" из ""SupportedAPIs.xml""."
"Message",Normal,"          Метод P/Invoke ""CertFreeCertificateContext"" разрешен как ""CertFreeCertificateContext!crypt32.dll"" из ""SupportedAPIs.xml""."
"Message",Normal,"          Метод P/Invoke ""CryptMsgGetParam"" разрешен как ""CryptMsgGetParam!crypt32.dll"" из ""SupportedAPIs.xml""."
"Message",Normal,"          Метод P/Invoke ""CryptMsgGetParam"" разрешен как ""CryptMsgGetParam!crypt32.dll"" из ""SupportedAPIs.xml""."
"Message",Normal,"          Метод P/Invoke ""PFXImportCertStore"" разрешен как ""PFXImportCertStore!crypt32.dll"" из ""SupportedAPIs.xml""."
"Message",Normal,"          Метод P/Invoke ""CryptFindOIDInfo"" разрешен как ""CryptFindOIDInfo!crypt32.dll"" из ""SupportedAPIs.xml""."
"Message",Normal,"          Метод P/Invoke ""CreatePipe"" разрешен как ""CreatePipe!kernel32.dll"" из ""SupportedAPIs.xml""."
"Message",Normal,"          Метод P/Invoke ""OpenProcess"" разрешен как ""OpenProcess!kernel32.dll"" из ""SupportedAPIs.xml""."
"Message",Normal,"          Метод P/Invoke ""CoCreateInstance"" разрешен как ""CoCreateInstance!api-ms-win-core-com-l1-1-0.dll"" из ""SupportedAPIs.xml""."
"Message",Normal,"          Метод P/Invoke ""GetCurrentProcessId"" разрешен как ""GetCurrentProcessId!kernel32.dll"" из ""SupportedAPIs.xml""."
"Message",Normal,"          Метод P/Invoke ""CertGetCertificateContextProperty"" разрешен как ""CertGetCertificateContextProperty!crypt32.dll"" из ""SupportedAPIs.xml""."
"Message",Normal,"          Метод P/Invoke ""CertCloseStore"" разрешен как ""CertCloseStore!crypt32.dll"" из ""SupportedAPIs.xml""."
"Message",Normal,"          Метод P/Invoke ""CryptMsgClose"" разрешен как ""CryptMsgClose!crypt32.dll"" из ""SupportedAPIs.xml""."
"Message",Normal,"          Метод P/Invoke ""LookupPrivilegeValueW"" разрешен как ""LookupPrivilegeValueW!advapi32.dll"" из ""SupportedAPIs.xml""."
"Message",Normal,"          Метод P/Invoke ""OpenProcessToken"" разрешен как ""OpenProcessToken!advapi32.dll"" из ""SupportedAPIs.xml""."
"Message",Normal,"          Метод P/Invoke ""AdjustTokenPrivileges"" разрешен как ""AdjustTokenPrivileges!advapi32.dll"" из ""SupportedAPIs.xml""."
"Message",Normal,"          Метод P/Invoke ""CertFindCertificateInStore"" разрешен как ""CertFindCertificateInStore!crypt32.dll"" из ""SupportedAPIs.xml""."
"Message",Normal,"          Метод P/Invoke ""CryptAcquireContextW"" разрешен как ""CryptAcquireContextW!advapi32.dll"" из ""SupportedAPIs.xml""."
"Message",Normal,"          Метод P/Invoke ""CertEnumCertificatesInStore"" разрешен как ""CertEnumCertificatesInStore!crypt32.dll"" из ""SupportedAPIs.xml""."
"Message",Normal,"          Метод P/Invoke ""GetProcessId"" разрешен как ""GetProcessId!kernel32.dll"" из ""SupportedAPIs.xml""."
"Message",Normal,"          Метод P/Invoke ""WSAGetOverlappedResult"" разрешен как ""WSAGetOverlappedResult!ws2_32.dll"" из ""SupportedAPIs.xml""."
"Message",Normal,"          Метод P/Invoke ""SysFreeString"" разрешен как ""SysFreeString!OleAut32"" из ""SupportedAPIs.xml""."
"Message",Normal,"          Метод P/Invoke ""FormatMessageW"" разрешен как ""FormatMessageW!kernel32.dll"" из ""SupportedAPIs.xml""."
"Message",Normal,"          Метод P/Invoke ""CertGetNameStringW"" разрешен как ""CertGetNameStringW!crypt32.dll"" из ""SupportedAPIs.xml""."
"Message",Normal,"          Метод P/Invoke ""CertGetNameStringW"" разрешен как ""CertGetNameStringW!crypt32.dll"" из ""SupportedAPIs.xml""."
"Message",Normal,"          Метод P/Invoke ""WideCharToMultiByte"" разрешен как ""WideCharToMultiByte!kernel32.dll"" из ""SupportedAPIs.xml""."
"Message",Normal,"          Метод P/Invoke ""MultiByteToWideChar"" разрешен как ""MultiByteToWideChar!kernel32.dll"" из ""SupportedAPIs.xml""."
"Message",Normal,"          Метод P/Invoke ""NCryptOpenKey"" разрешен как ""NCryptOpenKey!ncrypt.dll"" из ""SupportedAPIs.xml""."
"Message",Normal,"          Метод P/Invoke ""FormatMessageW"" разрешен как ""FormatMessageW!kernel32.dll"" из ""SupportedAPIs.xml""."
"Message",Normal,"          Метод P/Invoke ""GetComputerNameW"" разрешен как ""GetComputerNameW!kernel32.dll"" из ""SupportedAPIs.xml""."
"Message",Normal,"          Метод P/Invoke ""setsockopt"" разрешен как ""setsockopt!ws2_32.dll"" из ""SupportedAPIs.xml""."
"Message",Normal,"          Метод P/Invoke ""setsockopt"" разрешен как ""setsockopt!ws2_32.dll"" из ""SupportedAPIs.xml""."
"Message",Normal,"          Метод P/Invoke ""NCryptDeleteKey"" разрешен как ""NCryptDeleteKey!ncrypt.dll"" из ""SupportedAPIs.xml""."
"Message",Normal,"          Метод P/Invoke ""GetCPInfoExW"" разрешен как ""GetCPInfoExW!kernel32.dll"" из ""SupportedAPIs.xml""."
"Message",Normal,"          Метод P/Invoke ""NCryptOpenStorageProvider"" разрешен как ""NCryptOpenStorageProvider!ncrypt.dll"" из ""SupportedAPIs.xml""."
"Message",Normal,"          Метод P/Invoke ""CryptGetKeyParam"" разрешен как ""CryptGetKeyParam!advapi32.dll"" из ""SupportedAPIs.xml""."
"Message",Normal,"          Метод P/Invoke ""CryptFindOIDInfo"" разрешен как ""CryptFindOIDInfo!crypt32.dll"" из ""SupportedAPIs.xml""."
"Message",Normal,"          Метод P/Invoke ""K32EnumProcesses"" разрешен как ""K32EnumProcesses!kernel32.dll"" из ""SupportedAPIs.xml""."
"Message",Normal,"          Метод P/Invoke ""CertGetCertificateChain"" разрешен как ""CertGetCertificateChain!crypt32.dll"" из ""SupportedAPIs.xml""."
"Message",Normal,"          Метод P/Invoke ""CryptGetDefaultProviderW"" разрешен как ""CryptGetDefaultProviderW!advapi32.dll"" из ""SupportedAPIs.xml""."
"Message",Normal,"          Метод P/Invoke ""CryptAcquireContextW"" разрешен как ""CryptAcquireContextW!advapi32.dll"" из ""SupportedAPIs.xml""."
"Message",Normal,"          Метод P/Invoke ""CryptGetUserKey"" разрешен как ""CryptGetUserKey!advapi32.dll"" из ""SupportedAPIs.xml""."
"Message",Normal,"          Метод P/Invoke ""CertVerifyCertificateChainPolicy"" разрешен как ""CertVerifyCertificateChainPolicy!crypt32.dll"" из ""SupportedAPIs.xml""."
"Message",Normal,"          Метод P/Invoke ""CertNameToStrW"" разрешен как ""CertNameToStrW!crypt32.dll"" из ""SupportedAPIs.xml""."
"Message",Normal,"          Метод P/Invoke ""CryptFormatObject"" разрешен как ""CryptFormatObject!crypt32.dll"" из ""SupportedAPIs.xml""."
"Message",Normal,"          Метод P/Invoke ""CertAddCertificateLinkToStore"" разрешен как ""CertAddCertificateLinkToStore!crypt32.dll"" из ""SupportedAPIs.xml""."
"Message",Normal,"          Метод P/Invoke ""CryptGetProvParam"" разрешен как ""CryptGetProvParam!advapi32.dll"" из ""SupportedAPIs.xml""."
"Message",Normal,"          Метод P/Invoke ""CryptDestroyKey"" разрешен как ""CryptDestroyKey!advapi32.dll"" из ""SupportedAPIs.xml""."
"Message",Normal,"          Метод P/Invoke ""NCryptFreeObject"" разрешен как ""NCryptFreeObject!ncrypt.dll"" из ""SupportedAPIs.xml""."
"Message",Normal,"          Метод P/Invoke ""CryptFormatObject"" разрешен как ""CryptFormatObject!crypt32.dll"" из ""SupportedAPIs.xml""."
"Message",Normal,"          Метод P/Invoke ""GetNetworkParams"" разрешен как ""GetNetworkParams!iphlpapi.dll"" из ""SupportedAPIs.xml""."
"Message",Normal,"          Метод P/Invoke ""LocalAlloc"" разрешен как ""LocalAlloc!kernel32.dll"" из ""SupportedAPIs.xml""."
"Message",Normal,"          Метод P/Invoke ""CertControlStore"" разрешен как ""CertControlStore!crypt32.dll"" из ""SupportedAPIs.xml""."
"Message",Normal,"          Метод P/Invoke ""CertOpenStore"" разрешен как ""CertOpenStore!crypt32.dll"" из ""SupportedAPIs.xml""."
"Message",Normal,"          Метод P/Invoke ""BCryptGenRandom"" разрешен как ""BCryptGenRandom!BCrypt.dll"" из ""SupportedAPIs.xml""."
"Message",Normal,"          Метод P/Invoke ""CryptImportPublicKeyInfoEx2"" разрешен как ""CryptImportPublicKeyInfoEx2!crypt32.dll"" из ""SupportedAPIs.xml""."
"Message",Normal,"          Метод P/Invoke ""BCryptExportKey"" разрешен как ""BCryptExportKey!BCrypt.dll"" из ""SupportedAPIs.xml""."
"Message",Normal,"          Метод P/Invoke ""CryptDecodeObject"" разрешен как ""CryptDecodeObject!crypt32.dll"" из ""SupportedAPIs.xml""."
"Message",Normal,"          Метод P/Invoke ""CertFreeCertificateChain"" разрешен как ""CertFreeCertificateChain!crypt32.dll"" из ""SupportedAPIs.xml""."
"Message",Normal,"          Метод P/Invoke ""CryptReleaseContext"" разрешен как ""CryptReleaseContext!advapi32.dll"" из ""SupportedAPIs.xml""."
"Message",Normal,"          Метод P/Invoke ""RoGetBufferMarshaler"" разрешен как ""RoGetBufferMarshaler!api-ms-win-core-winrt-robuffer-l1-1-0.dll"" из ""SupportedAPIs.xml""."
"Message",Normal,"          Метод P/Invoke ""LocalFree"" разрешен как ""LocalFree!kernel32.dll"" из ""SupportedAPIs.xml""."
"Message",Normal,"          Метод P/Invoke ""FormatMessageW"" разрешен как ""FormatMessageW!kernel32.dll"" из ""SupportedAPIs.xml""."
"Message",Normal,"          Метод P/Invoke ""FormatMessageW"" разрешен как ""FormatMessageW!kernel32.dll"" из ""SupportedAPIs.xml""."
"Message",Normal,"          Метод P/Invoke ""BCryptGetProperty"" разрешен как ""BCryptGetProperty!BCrypt.dll"" из ""SupportedAPIs.xml""."
"Message",Normal,"          Метод P/Invoke ""NCryptImportKey"" разрешен как ""NCryptImportKey!ncrypt.dll"" из ""SupportedAPIs.xml""."
"Message",Normal,"          Метод P/Invoke ""NCryptGetProperty"" разрешен как ""NCryptGetProperty!ncrypt.dll"" из ""SupportedAPIs.xml""."
"Message",Normal,"          Метод P/Invoke ""CryptImportKey"" разрешен как ""CryptImportKey!advapi32.dll"" из ""SupportedAPIs.xml""."
"Message",Normal,"          Метод P/Invoke ""CryptSetProvParam"" разрешен как ""CryptSetProvParam!advapi32.dll"" из ""SupportedAPIs.xml""."
"Message",Normal,"          Метод P/Invoke ""getsockname"" разрешен как ""getsockname!ws2_32.dll"" из ""SupportedAPIs.xml""."
"Message",Normal,"          Метод P/Invoke ""getpeername"" разрешен как ""getpeername!ws2_32.dll"" из ""SupportedAPIs.xml""."
"Message",Normal,"          Метод P/Invoke ""BCryptDestroyKey"" разрешен как ""BCryptDestroyKey!BCrypt.dll"" из ""SupportedAPIs.xml""."
"Message",Normal,"          Метод P/Invoke ""WSAStartup"" разрешен как ""WSAStartup!ws2_32.dll"" из ""SupportedAPIs.xml""."
"Message",Normal,"          Метод P/Invoke ""NCryptSetProperty"" разрешен как ""NCryptSetProperty!ncrypt.dll"" из ""SupportedAPIs.xml""."
"Message",Normal,"          Метод P/Invoke ""CryptDecodeObject"" разрешен как ""CryptDecodeObject!crypt32.dll"" из ""SupportedAPIs.xml""."
"Message",Normal,"          Метод P/Invoke ""CryptSetProvParam"" разрешен как ""CryptSetProvParam!advapi32.dll"" из ""SupportedAPIs.xml""."
"Message",Normal,"          Метод P/Invoke ""select"" разрешен как ""select!ws2_32.dll"" из ""SupportedAPIs.xml""."
"Message",Normal,"          Метод P/Invoke ""select"" разрешен как ""select!ws2_32.dll"" из ""SupportedAPIs.xml""."
"Message",Normal,"          Метод P/Invoke ""ioctlsocket"" разрешен как ""ioctlsocket!ws2_32.dll"" из ""SupportedAPIs.xml""."
"Message",Normal,"          Метод P/Invoke ""shutdown"" разрешен как ""shutdown!ws2_32.dll"" из ""SupportedAPIs.xml""."
"Message",Normal,"          Метод P/Invoke ""setsockopt"" разрешен как ""setsockopt!ws2_32.dll"" из ""SupportedAPIs.xml""."
"Message",Normal,"          Метод P/Invoke ""CertFindExtension"" разрешен как ""CertFindExtension!crypt32.dll"" из ""SupportedAPIs.xml""."
"Message",Normal,"          Метод P/Invoke ""CertGetValidUsages"" разрешен как ""CertGetValidUsages!crypt32.dll"" из ""SupportedAPIs.xml""."
"Message",Normal,"          Метод P/Invoke ""CertGetIntendedKeyUsage"" разрешен как ""CertGetIntendedKeyUsage!crypt32.dll"" из ""SupportedAPIs.xml""."
"Message",Normal,"          Метод P/Invoke ""recv"" разрешен как ""recv!ws2_32.dll"" из ""SupportedAPIs.xml""."
"Message",Normal,"          Метод P/Invoke ""WSAIoctl"" разрешен как ""WSAIoctl!ws2_32.dll"" из ""SupportedAPIs.xml""."
"Message",Normal,"          Метод P/Invoke ""CertVerifyTimeValidity"" разрешен как ""CertVerifyTimeValidity!crypt32.dll"" из ""SupportedAPIs.xml""."
"Message",Normal,"          Метод P/Invoke ""RevertToSelf"" разрешен как ""RevertToSelf!advapi32.dll"" из ""SupportedAPIs.xml""."
"Message",Normal,"          Метод P/Invoke ""ImpersonateLoggedOnUser"" разрешен как ""ImpersonateLoggedOnUser!advapi32.dll"" из ""SupportedAPIs.xml""."
"Message",Normal,"          Метод P/Invoke ""CryptFindOIDInfo"" разрешен как ""CryptFindOIDInfo!crypt32.dll"" из ""SupportedAPIs.xml""."
"Message",Normal,"          Метод P/Invoke ""CryptGenKey"" разрешен как ""CryptGenKey!advapi32.dll"" из ""SupportedAPIs.xml""."
"Message",Normal,"          Метод P/Invoke ""GetAddrInfoW"" разрешен как ""GetAddrInfoW!ws2_32.dll"" из ""SupportedAPIs.xml""."
"Message",Normal,"          Метод P/Invoke ""WSASocketW"" разрешен как ""WSASocketW!ws2_32.dll"" из ""SupportedAPIs.xml""."
"Message",Normal,"          Метод P/Invoke ""closesocket"" разрешен как ""closesocket!ws2_32.dll"" из ""SupportedAPIs.xml""."
"Message",Normal,"          Метод P/Invoke ""WSASocketW"" разрешен как ""WSASocketW!ws2_32.dll"" из ""SupportedAPIs.xml""."
"Message",Normal,"          Метод P/Invoke ""WSAConnect"" разрешен как ""WSAConnect!ws2_32.dll"" из ""SupportedAPIs.xml""."
"Message",Normal,"          Метод P/Invoke ""FormatMessageW"" разрешен как ""FormatMessageW!kernel32.dll"" из ""SupportedAPIs.xml""."
"Message",Normal,"          Метод P/Invoke ""listen"" разрешен как ""listen!ws2_32.dll"" из ""SupportedAPIs.xml""."
"Message",Normal,"          Метод P/Invoke ""GetCurrentThread"" разрешен как ""GetCurrentThread!kernel32.dll"" из ""SupportedAPIs.xml""."
"Message",Normal,"          Метод P/Invoke ""OpenThreadToken"" разрешен как ""OpenThreadToken!advapi32.dll"" из ""SupportedAPIs.xml""."
"Message",Normal,"          Метод P/Invoke ""GetCurrentProcess"" разрешен как ""GetCurrentProcess!kernel32.dll"" из ""SupportedAPIs.xml""."
"Message",Normal,"          Метод P/Invoke ""OpenProcessToken"" разрешен как ""OpenProcessToken!advapi32.dll"" из ""SupportedAPIs.xml""."
"Message",Normal,"          Метод P/Invoke ""BCryptCreateHash"" разрешен как ""BCryptCreateHash!BCrypt.dll"" из ""SupportedAPIs.xml""."
"Message",Normal,"          Метод P/Invoke ""BCryptGetProperty"" разрешен как ""BCryptGetProperty!BCrypt.dll"" из ""SupportedAPIs.xml""."
"Message",Normal,"          Метод P/Invoke ""bind"" разрешен как ""bind!ws2_32.dll"" из ""SupportedAPIs.xml""."
"Message",Normal,"          Метод P/Invoke ""getsockopt"" разрешен как ""getsockopt!ws2_32.dll"" из ""SupportedAPIs.xml""."
"Message",Normal,"          Метод P/Invoke ""send"" разрешен как ""send!ws2_32.dll"" из ""SupportedAPIs.xml""."
"Message",Normal,"          Метод P/Invoke ""CloseHandle"" разрешен как ""CloseHandle!kernel32.dll"" из ""SupportedAPIs.xml""."
"Message",Normal,"          Метод P/Invoke ""freeaddrinfo"" разрешен как ""freeaddrinfo!ws2_32.dll"" из ""SupportedAPIs.xml""."
"Message",Normal,"          Метод P/Invoke ""FreeAddrInfoExW"" разрешен как ""FreeAddrInfoExW!ws2_32.dll"" из ""SupportedAPIs.xml""."
"Message",Normal,"          Метод P/Invoke ""WSASocketW"" разрешен как ""WSASocketW!ws2_32.dll"" из ""SupportedAPIs.xml""."
"Message",Normal,"          Метод P/Invoke ""closesocket"" разрешен как ""closesocket!ws2_32.dll"" из ""SupportedAPIs.xml""."
"Message",Normal,"          Метод P/Invoke ""gethostname"" разрешен как ""gethostname!ws2_32.dll"" из ""SupportedAPIs.xml""."
"Message",Normal,"          Метод P/Invoke ""BCryptOpenAlgorithmProvider"" разрешен как ""BCryptOpenAlgorithmProvider!BCrypt.dll"" из ""SupportedAPIs.xml""."
"Message",Normal,"          Метод P/Invoke ""getsockopt"" разрешен как ""getsockopt!ws2_32.dll"" из ""SupportedAPIs.xml""."
"Message",Normal,"          Метод P/Invoke ""getsockopt"" разрешен как ""getsockopt!ws2_32.dll"" из ""SupportedAPIs.xml""."
"Message",Normal,"          Метод P/Invoke ""getsockopt"" разрешен как ""getsockopt!ws2_32.dll"" из ""SupportedAPIs.xml""."
"Message",Normal,"          Метод P/Invoke ""ioctlsocket"" разрешен как ""ioctlsocket!ws2_32.dll"" из ""SupportedAPIs.xml""."
"Message",Normal,"          Метод P/Invoke ""setsockopt"" разрешен как ""setsockopt!ws2_32.dll"" из ""SupportedAPIs.xml""."
"Message",Normal,"          Метод P/Invoke ""BCryptCloseAlgorithmProvider"" разрешен как ""BCryptCloseAlgorithmProvider!BCrypt.dll"" из ""SupportedAPIs.xml""."
"Message",Normal,"          Метод P/Invoke ""BCryptDestroyHash"" разрешен как ""BCryptDestroyHash!BCrypt.dll"" из ""SupportedAPIs.xml""."
"Message",Normal,"          Метод P/Invoke ""LsaGetLogonSessionData"" разрешен как ""LsaGetLogonSessionData!sspicli.dll"" из ""SupportedAPIs.xml""."
"Message",Normal,"          Метод P/Invoke ""GetTokenInformation"" разрешен как ""GetTokenInformation!advapi32.dll"" из ""SupportedAPIs.xml""."
"Message",Normal,"          Метод P/Invoke ""LocalAlloc"" разрешен как ""LocalAlloc!kernel32.dll"" из ""SupportedAPIs.xml""."
"Message",Normal,"          Метод P/Invoke ""LsaNtStatusToWinError"" разрешен как ""LsaNtStatusToWinError!advapi32.dll"" из ""SupportedAPIs.xml""."
"Message",Normal,"          Метод P/Invoke ""DuplicateTokenEx"" разрешен как ""DuplicateTokenEx!advapi32.dll"" из ""SupportedAPIs.xml""."
"Message",Normal,"          Метод P/Invoke ""CheckTokenMembershipEx"" разрешен как ""CheckTokenMembershipEx!kernel32.dll"" из ""SupportedAPIs.xml""."
"Message",Normal,"          Метод P/Invoke ""LsaFreeReturnBuffer"" разрешен как ""LsaFreeReturnBuffer!sspicli.dll"" из ""SupportedAPIs.xml""."
"Message",Normal,"          Метод P/Invoke ""accept"" разрешен как ""accept!ws2_32.dll"" из ""SupportedAPIs.xml""."
"Message",Normal,"          Метод P/Invoke ""GetAddrInfoExW"" разрешен как ""GetAddrInfoExW!ws2_32.dll"" из ""SupportedAPIs.xml""."
"Message",Normal,"          Метод P/Invoke ""WSARecv"" разрешен как ""WSARecv!ws2_32.dll"" из ""SupportedAPIs.xml""."
"Message",Normal,"          Метод P/Invoke ""WSASend"" разрешен как ""WSASend!ws2_32.dll"" из ""SupportedAPIs.xml""."
"Message",Normal,"          Метод P/Invoke ""GetTokenInformation"" разрешен как ""GetTokenInformation!advapi32.dll"" из ""SupportedAPIs.xml""."
"Message",Normal,"          Метод P/Invoke ""DuplicateHandle"" разрешен как ""DuplicateHandle!kernel32.dll"" из ""SupportedAPIs.xml""."
"Message",Normal,"          Метод P/Invoke ""LocalFree"" разрешен как ""LocalFree!kernel32.dll"" из ""SupportedAPIs.xml""."
"Message",Normal,"          Метод P/Invoke ""LsaLookupSids"" разрешен как ""LsaLookupSids!advapi32.dll"" из ""SupportedAPIs.xml""."
"Message",Normal,"          Метод P/Invoke ""LsaLookupNames2"" разрешен как ""LsaLookupNames2!advapi32.dll"" из ""SupportedAPIs.xml""."
"Message",Normal,"          Метод P/Invoke ""LsaOpenPolicy"" разрешен как ""LsaOpenPolicy!advapi32.dll"" из ""SupportedAPIs.xml""."
"Message",Normal,"          Метод P/Invoke ""LsaClose"" разрешен как ""LsaClose!advapi32.dll"" из ""SupportedAPIs.xml""."
"Message",Normal,"          Метод P/Invoke ""LsaFreeMemory"" разрешен как ""LsaFreeMemory!advapi32.dll"" из ""SupportedAPIs.xml""."
"Message",Normal,"          Метод P/Invoke ""GetNameInfoW"" разрешен как ""GetNameInfoW!ws2_32.dll"" из ""SupportedAPIs.xml""."
"Message",Normal,"          Метод P/Invoke ""CertVerifyCertificateChainPolicy"" разрешен как ""CertVerifyCertificateChainPolicy!crypt32.dll"" из ""SupportedAPIs.xml""."
"Message",Normal,"          Метод P/Invoke ""CertEnumCertificatesInStore"" разрешен как ""CertEnumCertificatesInStore!crypt32.dll"" из ""SupportedAPIs.xml""."
"Message",Normal,"          Метод P/Invoke ""SetFileCompletionNotificationModes"" разрешен как ""SetFileCompletionNotificationModes!kernel32.dll"" из ""SupportedAPIs.xml""."
"Message",Normal,"          Метод P/Invoke ""CertFreeCertificateContext"" разрешен как ""CertFreeCertificateContext!crypt32.dll"" из ""SupportedAPIs.xml""."
"Message",Normal,"          Метод P/Invoke ""EncryptMessage"" разрешен как ""EncryptMessage!sspicli.dll"" из ""SupportedAPIs.xml""."
"Message",Normal,"          Метод P/Invoke ""DecryptMessage"" разрешен как ""DecryptMessage!sspicli.dll"" из ""SupportedAPIs.xml""."
"Message",Normal,"          Метод P/Invoke ""EnumerateSecurityPackagesW"" разрешен как ""EnumerateSecurityPackagesW!sspicli.dll"" из ""SupportedAPIs.xml""."
"Message",Normal,"          Метод P/Invoke ""QueryContextAttributesW"" разрешен как ""QueryContextAttributesW!sspicli.dll"" из ""SupportedAPIs.xml""."
"Message",Normal,"          Метод P/Invoke ""ApplyControlToken"" разрешен как ""ApplyControlToken!sspicli.dll"" из ""SupportedAPIs.xml""."
"Message",Normal,"          Метод P/Invoke ""FreeContextBuffer"" разрешен как ""FreeContextBuffer!sspicli.dll"" из ""SupportedAPIs.xml""."
"Message",Normal,"          Метод P/Invoke ""AcceptSecurityContext"" разрешен как ""AcceptSecurityContext!sspicli.dll"" из ""SupportedAPIs.xml""."
"Message",Normal,"          Метод P/Invoke ""DeleteSecurityContext"" разрешен как ""DeleteSecurityContext!sspicli.dll"" из ""SupportedAPIs.xml""."
"Message",Normal,"          Метод P/Invoke ""InitializeSecurityContextW"" разрешен как ""InitializeSecurityContextW!sspicli.dll"" из ""SupportedAPIs.xml""."
"Message",Normal,"          Метод P/Invoke ""AcquireCredentialsHandleW"" разрешен как ""AcquireCredentialsHandleW!sspicli.dll"" из ""SupportedAPIs.xml""."
"Message",Normal,"          Метод P/Invoke ""FreeCredentialsHandle"" разрешен как ""FreeCredentialsHandle!sspicli.dll"" из ""SupportedAPIs.xml""."
"Message",High,"  Идет создание кода..."
"Message",High,"  Создан код взаимодействия."
"Message",Normal,"  Код записан в AssemblyInfo.g.cs"
"Message",Normal,"  Код записан в Adapters.g.cs"
"Message",Normal,"  Код записан в Data.g.cs"
"Message",Normal,"  Код записан в Helpers.g.cs"
"Message",Normal,"  Код записан в ImplTypes.g.cs"
"Message",Normal,"  Код записан в PInvoke.g.cs"
"Message",Normal,"  Код записан в SafeTypes.g.cs"
"Message",Normal,"  Код записан в SharedStubs.g.cs"
"Message",Normal,"Выполняется преобразование ""GenerateCodeAndCompile"", размер кучи — 349 МБ."
"Message",High,"Идет компиляция кода взаимодействия."
"Message",Normal,"Компиляция созданного исходного кода: C:\Program Files (x86)\Microsoft SDKs\UWPNuGetPackages\microsoft.net.native.compiler\2.2.7-rel-27913-00\tools\csc\csc.exe /noconfig @""D:\Projects\Twitch_API\Twitch_API\obj\x64\Release\ilc\intermediate\Twitch_API.McgInterop.rsp"""
"Message",High,"Идет создания кода прокси-сервера System.Reflection.DispatchProxy."
"Message",Normal,"Выполняется преобразование ""ReducedCopyInitialize"", размер кучи — 349 МБ."
"Message",Normal,"Выполняется преобразование ""ReducedCopyEmptyTypes"", размер кучи — 371 МБ."
"Message",Normal,"Выполняется преобразование ""ReducedCopyPopulateTypes"", размер кучи — 376 МБ."
"Message",Normal,"Выполняется преобразование ""ReducedCopyLateMetadata"", размер кучи — 308 МБ."
"Message",Normal,"Выполняется преобразование ""ReducedCopyPassResourcesToMutableAssembly"", размер кучи — 335 МБ."
"Message",Normal,"Выполняется преобразование ""ReducedCopyMethodBodies"", размер кучи — 336 МБ."
"Message",Normal,"Выполняется преобразование ""ReducedCopyComplete"", размер кучи — 392 МБ."
"Message",Normal,"Выполняется преобразование ""ReducedCopyCleanup"", размер кучи — 397 МБ."
"Message",Normal,"Выполняется преобразование ""DeveloperExperienceModeOnlyCodeRemover"", размер кучи — 105 МБ."
"Message",Normal,"Выполняется преобразование ""ComImportDetector"", размер кучи — 105 МБ."
"Message",Normal,"Выполняется преобразование ""McgAccessor"", размер кучи — 105 МБ."
"Message",Normal,"Выполняется преобразование ""McgRedirect"", размер кучи — 107 МБ."
"Message",Normal,"Выполняется преобразование ""McgRedirect"", размер кучи — 112 МБ."
"Message",Normal,"Выполняется преобразование ""McgTypeOf"", размер кучи — 114 МБ."
"Message",Normal,"Выполняется преобразование ""EventSource"", размер кучи — 124 МБ."
"Message",Normal,"Выполняется преобразование ""ValueType"", размер кучи — 124 МБ."
"Message",Normal,"Выполняется преобразование ""Attribute"", размер кучи — 125 МБ."
"Message",Normal,"Выполняется преобразование ""GetType"", размер кучи — 125 МБ."
"Message",Normal,"Выполняется преобразование ""McgFixups"", размер кучи — 126 МБ."
"Message",Normal,"Выполняется преобразование ""ResourceManagerCtor"", размер кучи — 127 МБ."
"Message",Normal,"Выполняется преобразование ""TypeofTypeHandle"", размер кучи — 127 МБ."
"Message",Normal,"Выполняется преобразование ""DispatchProxyIntrinsics"", размер кучи — 134 МБ."
"Message",Normal,"Выполняется преобразование ""StaticInitData"", размер кучи — 134 МБ."
"Message",Normal,"Выполняется преобразование ""Delegate"", размер кучи — 149 МБ."
"Message",Normal,"Выполняется преобразование ""LazyGenerics"", размер кучи — 152 МБ."
"Message",Normal,"Выполняется преобразование ""AddReflectionBlockedAttributes"", размер кучи — 181 МБ."
"Message",Normal,"Выполняется преобразование ""DisableOptimization"", размер кучи — 182 МБ."
"Message",Normal,"Выполняется преобразование ""ResourceExtractor"", размер кучи — 182 МБ."
"Message",Normal,"Выполняется преобразование ""CreateMetadata"", размер кучи — 183 МБ."
"Message",Normal,"Выполняется преобразование ""StartupCodeInjector"", размер кучи — 125 МБ."
"Message",Normal,"Выполняется преобразование ""SaveRVAStatics"", размер кучи — 125 МБ."
"Message",Normal,"Выполняется преобразование ""ReflectionInvoke"", размер кучи — 127 МБ."
"Message",Normal,"Выполняется преобразование ""ScrubOpenCalls"", размер кучи — 125 МБ."
"Message",Normal,"Выполняется преобразование ""ConvertCatchIntoFilter"", размер кучи — 125 МБ."
"Message",Normal,"Выполняется преобразование ""ReflectionMappingInfoEmit"", размер кучи — 125 МБ."
"Message",Normal,"Выполняется преобразование ""ReflectionIntrinsics"", размер кучи — 129 МБ."
"Message",Normal,"Выполняется преобразование ""ConvertManagedWinMD"", размер кучи — 129 МБ."
"Message",Normal,"Выполняется преобразование ""DebuggerGuidedStepThroughJmc"", размер кучи — 129 МБ."
"Message",Normal,"Выполняется преобразование ""Reducer"", размер кучи — 133 МБ."
"Message",High,"Очистка кода без ссылок"
"Message",Normal,"Выполняется преобразование ""WriteAssemblies"", размер кучи — 223 МБ."
"Message",Normal,""
"Message",Normal,"Сводка преобразования"
"Message",Normal,"    мс | разностный файл кучи | имя"
"Message",Normal," 17488 |        150 | Analysis"
"Message",Normal,"  2907 |          0 | GenerateCodeAndCompile"
"Message",Normal,"  2220 |         90 | Reducer"
"Message",Normal,"  2058 |        -12 | WriteAssemblies"
"Message",Normal,"  1339 |         35 | Mcg"
"Message",Normal,"   576 |        -58 | CreateMetadata"
"Message",Normal,"   533 |          5 | ReducedCopyComplete"
"Message",Normal,"   489 |        -68 | ReducedCopyPopulateTypes"
"Message",Normal,"   422 |         56 | ReducedCopyMethodBodies"
"Message",Normal,"   310 |       -292 | ReducedCopyCleanup"
"Message",Normal,"   280 |         22 | ReducedCopyInitialize"
"Message",Normal,"   248 |         14 | DumpNativeResources"
"Message",Normal,"   199 |         29 | LazyGenerics"
"Message",Normal,"   184 |          5 | McgRedirect"
"Message",Normal,"   182 |         10 | McgTypeOf"
"Message",Normal,"   173 |         27 | ReducedCopyLateMetadata"
"Message",Normal,"   129 |         -2 | ReflectionInvoke"
"Message",Normal,"   104 |          2 | McgRedirect"
"Message",Normal,"    89 |         15 | StaticInitData"
"Message",Normal,"    85 |          7 | TypeofTypeHandle"
"Message",Normal,"    56 |          2 | SaveRVAStatics"
"Message",Normal,"    35 |          1 | ResourceExtractor"
"Message",Normal,"    33 |          1 | GetType"
"Message",Normal,"    29 |          5 | ReducedCopyEmptyTypes"
"Message",Normal,"    20 |          4 | DebuggerGuidedStepThroughJmc"
"Message",Normal,"    17 |          0 | ScrubOpenCalls"
"Message",Normal,"    16 |          0 | DispatchProxyIntrinsics"
"Message",Normal,"    14 |          0 | ReflectionIntrinsics"
"Message",Normal,"    10 |          1 | McgFixups"
"Message",Normal,"     9 |          2 | McgAccessor"
"Message",Normal,"     8 |          3 | Delegate"
"Message",Normal,"     6 |          0 | ConvertCatchIntoFilter"
"Message",Normal,"     6 |          4 | ReflectionMappingInfoEmit"
"Message",Normal,"     4 |          0 | Attribute"
"Message",Normal,"     3 |          1 | AddReflectionBlockedAttributes"
"Message",Normal,"     3 |          1 | ValueType"
"Message",Normal,"     3 |          0 | EventSource"
"Message",Normal,"     2 |          1 | ReducedCopyPassResourcesToMutableAssembly"
"Message",Normal,"     1 |          0 | StartupCodeInjector"
"Message",Normal,"     1 |          0 | ResourceManagerCtor"
"Message",Normal,"     0 |          0 | ConvertManagedWinMD"
"Message",Normal,"     0 |          0 | ComImportDetector"
"Message",Normal,"     0 |          0 | DisableOptimization"
"Message",Normal,"     0 |          0 | DeveloperExperienceModeOnlyCodeRemover"
"Message",Low,"Выполнение задачи ""RunILTransforms"" завершено."
"Message",Low,"Сборка целевого объекта ""RunILTransforms"" в файле ""ILTransforms"" завершена."
"Message",Low,"Сборка проекта ""ILTransforms"" завершена."
"Message",Low,""
"Message",Low,""
"Message",Low,"Сборка целевого объекта ""GenerateMDIL"" в файле ""Nutc"" завершена."
"Message",Low,""
"Message",High,"Создание машинного кода"
"Message",Low,"Сборка целевого объекта ""MDILPrepareMultiFile"" в файле ""Nutc"" завершена."
"Message",Low,""
"Message",Low,"Сборка целевого объекта ""SetBinaryForReferences"" в файле ""Nutc"" завершена."
"Message",Low,""
"Message",Low,"Задача ""GenerateMDILGlobalAnalysis"""
"Message",Normal,"Идет запуск ""C:\Program Files (x86)\Microsoft SDKs\UWPNuGetPackages\runtime.win10-x64.microsoft.net.native.compiler\2.2.7-rel-27913-00\tools\x64\ilc\Tools\nutc_driver.exe @""D:\Projects\Twitch_API\Twitch_API\obj\x64\Release\ilc\intermediate\MDIL\Twitch_API.rsp""""."
"Message",Low,"Microsoft (R) MDIL Compiler - Version 2.2.27913.00"
"Message",Low,"Copyright (c) Microsoft Corporation.  All rights reserved."
"Message",Low,"Сканирование входных типов"
"Message",Low,"Сканирование методов: 12608."
"Message",Low,"Сканирование методов: 8678."
"Message",Low,"Сканирование методов: 5498."
"Message",Low,"Сканирование методов: 4480."
"Message",Low,"Сканирование методов: 3084."
"Message",Low,"Сканирование методов: 2326."
"Message",Low,"Сканирование методов: 2376."
"Message",Low,"Сканирование методов: 1413."
"Message",Low,"Сканирование методов: 1191."
"Message",Low,"Сканирование методов: 874."
"Message",Low,"Сканирование методов: 655."
"Message",Low,"Сканирование методов: 582."
"Message",Low,"Сканирование методов: 487."
"Message",Low,"Сканирование методов: 425."
"Message",Low,"Сканирование методов: 434."
"Message",Low,"Сканирование методов: 286."
"Message",Low,"Сканирование методов: 132."
"Message",Low,"Сканирование методов: 126."
"Message",Low,"Сканирование методов: 56."
"Message",Low,"Сканирование методов: 16."
"Message",Low,"Сканирование методов: 14."
"Message",Low,"Сканирование методов: 2."
"Message",Low,"Сканирование методов: 6."
"Message",Low,"Сканирование методов: 12."
"Message",Low,"Сканирование методов: 14."
"Message",Low,"Сканирование методов: 13."
"Message",Low,"Неотложное создание кода"
"Message",Low,"Компиляция методов: 45788."
"Message",Low,"Отложенное создание кода"
"Message",Low,"Компиляция методов: 7."
"Message",Low,"Компиляция методов: 5."
"Message",Low,"Компиляция методов: 2."
"Message",Low,"Вызов управляемого метода Initialize завершился успешно; код завершения: 0 при создании CTL.Статистика метаданных трассировки стека"
"Message",Low,"Количество вызовов методов:   24424"
"Message",Low,"Размер BLOB-объекта метаданных:          521692"
"Message",Low,"Метод RVA — размер карты токенов: 195392"
"Message",Low,"Общий размер в собственном формате:           717084"
"Message",Low,"Успешно создан: ""D:\Projects\Twitch_API\Twitch_API\obj\x64\Release\ilc\intermediate\MDIL\Twitch_API.mdilexe"""
"Message",Low,"Успешно создан: ""D:\Projects\Twitch_API\Twitch_API\obj\x64\Release\ilc\intermediate\MDIL\Twitch_API.mdilpdb"""
"Message",Low,"Компилируется в код MDIL."
"Message",Normal,"Задача ""C:\Program Files (x86)\Microsoft SDKs\UWPNuGetPackages\runtime.win10-x64.microsoft.net.native.compiler\2.2.7-rel-27913-00\tools\x64\ilc\Tools\nutc_driver.exe @""D:\Projects\Twitch_API\Twitch_API\obj\x64\Release\ilc\intermediate\MDIL\Twitch_API.rsp"""" завершена."
"Message",Normal,"Статистика выполнения процессов (все значения в миллисекундах)"
"Message",Normal,"-----------------------------------------------------------------------------"
"Message",Normal,"запустить  |  начать   |   остановить   |   завершить    | длительность | время существования | имя [слот]"
"Message",Normal,"-----------------------------------------------------------------------------"
"Message",Normal,"       0 |       16 |    54031 |    54031 |    54015 |    54031 | [0] Nutc GlobalAnalysis"
"Message",Normal,"Число команд:      1"
"Message",Normal,"Общее системное время:       54031 мс"
"Message",Normal,"Системное время на команду: 54031 мс"
"Message",Normal,"Общая длительность:          54015 мс"
"Message",Normal,"Общее время жизни:          54031 мс"
"Message",Normal,"Запрошенный DOP:           4"
"Message",Normal,"Длительность DOP:            1,0"
"Message",Normal,"Время жизни DOP:            1,0"
"Message",Low,"Выполнение задачи ""GenerateMDILGlobalAnalysis"" завершено."
"Message",Low,"Сборка целевого объекта ""GenerateMDILGlobalAnalysis"" в файле ""Nutc"" завершена."
"Message",Low,""
"Message",Low,"Задача ""rc"""
"Message",Normal,"Идет запуск ""C:\Program Files (x86)\Windows Kits\10\bin\10.0.18362.0\x64\rc.exe /c ""65001"" /r /fo ""D:\Projects\Twitch_API\Twitch_API\obj\x64\Release\ilc\intermediate\BuildInfo\BuildInfo.res"" ""D:\Projects\Twitch_API\Twitch_API\obj\x64\Release\ilc\intermediate\BuildInfo\BuildInfo.rc""""."
"Message",Low,"Microsoft (R) Windows (R) Resource Compiler Version 10.0.10011.16384"
"Message",Low,"Copyright (C) Microsoft Corporation.  All rights reserved."
"Message",Normal,"Задача ""C:\Program Files (x86)\Windows Kits\10\bin\10.0.18362.0\x64\rc.exe /c ""65001"" /r /fo ""D:\Projects\Twitch_API\Twitch_API\obj\x64\Release\ilc\intermediate\BuildInfo\BuildInfo.res"" ""D:\Projects\Twitch_API\Twitch_API\obj\x64\Release\ilc\intermediate\BuildInfo\BuildInfo.rc"""" завершена."
"Message",Normal,"Статистика выполнения процессов (все значения в миллисекундах)"
"Message",Normal,"-----------------------------------------------------------------------------"
"Message",Normal,"запустить  |  начать   |   остановить   |   завершить    | длительность | время существования | имя [слот]"
"Message",Normal,"-----------------------------------------------------------------------------"
"Message",Normal,"       0 |        0 |       16 |       16 |       16 |       16 | [0] rc"
"Message",Normal,"Число команд:      1"
"Message",Normal,"Общее системное время:       16 мс"
"Message",Normal,"Системное время на команду: 16 мс"
"Message",Normal,"Общая длительность:          16 мс"
"Message",Normal,"Общее время жизни:          16 мс"
"Message",Normal,"Запрошенный DOP:           4"
"Message",Normal,"Длительность DOP:            1,0"
"Message",Normal,"Время жизни DOP:            1,0"
"Message",Low,"Выполнение задачи ""rc"" завершено."
"Message",Low,"Задача ""ResourceBinaryConcatenate"""
"Message",Normal,"Идет объединение ""D:\Projects\Twitch_API\Twitch_API\obj\x64\Release\ilc\intermediate\Native.res"" с выравниванием ""4""."
"Message",Normal," Добавлено ""D:\Projects\Twitch_API\Twitch_API\obj\x64\Release\ilc\intermediate\ILTransformed\Twitch_API.res"" в смещении 0."
"Message",Normal," Добавлено ""D:\Projects\Twitch_API\Twitch_API\obj\x64\Release\ilc\intermediate\BuildInfo\BuildInfo.res"" в смещении 1400."
"Message",Low,"Выполнение задачи ""ResourceBinaryConcatenate"" завершено."
"Message",Low,"Сборка целевого объекта ""GenerateBuildInfo"" в файле ""Nutc"" завершена."
"Message",Low,"Сборка проекта ""Nutc"" завершена."
"Message",Low,""
"Message",Low,""
"Message",Low,"Сборка целевого объекта ""MDILBindPrepare"" в файле ""Binder"" завершена."
"Message",Low,""
"Message",High,"Создание исправлений для машинного кода"
"Message",Low,"Задача ""MDILBind"""
"Message",Normal,"Идет запуск ""C:\Program Files (x86)\Microsoft SDKs\UWPNuGetPackages\runtime.win10-x64.microsoft.net.native.compiler\2.2.7-rel-27913-00\tools\x64\ilc\Tools\rhbind.exe @""D:\Projects\Twitch_API\Twitch_API\obj\x64\Release\ilc\intermediate\rhbindargs.Twitch_API.rsp""""."
"Message",Low,"ВЕРСИЯ ОС: основная: 6;  дополнительная: 2"
"Message",Low,"MDIL: D:\Projects\Twitch_API\Twitch_API\obj\x64\Release\ilc\intermediate\MDIL\Twitch_API.mdilexe"
"Message",Low,"MDILPDB: D:\Projects\Twitch_API\Twitch_API\obj\x64\Release\ilc\intermediate\MDIL\Twitch_API.mdilpdb"
"Message",Low,"IL: D:\Projects\Twitch_API\Twitch_API\obj\x64\Release\ilc\intermediate\MDIL\Twitch_API.ilexe"
"Message",Low,"NI: D:\Projects\Twitch_API\Twitch_API\obj\x64\Release\ilc\intermediate\Native\Twitch_API.dll"
"Message",Low,"SHIM: D:\Projects\Twitch_API\Twitch_API\obj\x64\Release\ilc\intermediate\Native\Twitch_API.exe"
"Message",Low,"REDHAWK_RUNTIME_DLL_NAME_A=mrt100_app.dll"
"Message",Low,"pdb: D:\Projects\Twitch_API\Twitch_API\obj\x64\Release\ilc\intermediate\Native\Twitch_API.pdb"
"Message",Low,"Создано: D:\Projects\Twitch_API\Twitch_API\obj\x64\Release\ilc\intermediate\Native\Twitch_API.dll за 3.564 с"
"Message",Normal,"Задача ""C:\Program Files (x86)\Microsoft SDKs\UWPNuGetPackages\runtime.win10-x64.microsoft.net.native.compiler\2.2.7-rel-27913-00\tools\x64\ilc\Tools\rhbind.exe @""D:\Projects\Twitch_API\Twitch_API\obj\x64\Release\ilc\intermediate\rhbindargs.Twitch_API.rsp"""" завершена."
"Message",Normal,"Статистика выполнения процессов (все значения в миллисекундах)"
"Message",Normal,"-----------------------------------------------------------------------------"
"Message",Normal,"запустить  |  начать   |   остановить   |   завершить    | длительность | время существования | имя [слот]"
"Message",Normal,"-----------------------------------------------------------------------------"
"Message",Normal,"       0 |       16 |     3625 |     3625 |     3609 |     3625 | [0] rhbind Twitch_API"
"Message",Normal,"Число команд:      1"
"Message",Normal,"Общее системное время:       3625 мс"
"Message",Normal,"Системное время на команду: 3625 мс"
"Message",Normal,"Общая длительность:          3609 мс"
"Message",Normal,"Общее время жизни:          3625 мс"
"Message",Normal,"Запрошенный DOP:           4"
"Message",Normal,"Длительность DOP:            1,0"
"Message",Normal,"Время жизни DOP:            1,0"
"Message",Low,"Выполнение задачи ""MDILBind"" завершено."
"Message",Low,"Сборка целевого объекта ""MDILBind"" в файле ""Binder"" завершена."
"Message",Low,"Сборка проекта ""Binder"" завершена."
"Message",Low,""
"Message",Low,""
"Message",Low,"Сборка целевого объекта ""CopyNativeExecutablesToOutput"" в файле ""Deployment"" завершена."
"Message",Low,""
"Message",Low,"Задача ""TransformAppxManifest"""
"Message",Low,"Выполнение задачи ""TransformAppxManifest"" завершено."
"Message",Low,"Сборка целевого объекта ""TransformAppxManifestAndAddCrt"" в файле ""Deployment"" завершена."
"Message",Low,""
"Message",Low,"Сборка целевого объекта ""CopyPackageResourceFileInRetailBuild"" в файле ""Deployment"" завершена."
"Message",Low,"Сборка проекта ""Deployment"" завершена."
"Message",Low,"Компиляция выполнена"
